Id,Latitude,Longitude,Station,Station,Name,-,Mobile,Mobile2,Landline,-,Email,No. of Fire Appliances,Trained Personnel Count,Last Updated
1,15.58962,73.94663,Bicholim FS,Loading...,,,,,,,,,,
2,15.00628,74.05806,Canacona FS,Fire Station Canacona,Shri. Dhiraj Dessai,(Station Fire Officer),7391047145,8308846743,2633500 2633311/101,can[hyphen]fire[dot]goa[at]nic[dot]in,can-fire.goa@nic.in,,,
3,15.26025,74.10357,Curchorem FS,Fire Station Curchorem,Shri. Damodar Zambaulikar,(Station Fire Officer),7391047146,9763717049,2650306 2650301/101,cur[hyphen]fire[dot]goa[at]nic[dot]in,cur-fire.goa@nic.in,,,
4,15.48691,73.8174,FFHQ FS,Fire Force Headquarters,Shri. Dilip Gawas,(Station Fire Officer),7391047132,8308846750,0832-2485400,hq[hyphen]fire[dot]goa[at]nic[dot]in,hq-fire.goa@nic.in,,,
5,15.46602,73.96251,Kundaim FS,Fire Station Kundaim,Shri. Sushil Morajkar,(Additional Charge),7391047156,9763717059,2395455,kfs[hyphen]fire[dot]goa[at]nic[dot]in,kfs-fire.goa@nic.in,,,
6,15.58984,73.80877,Mapusa FS,Loading...,,,,,,,,,,
7,15.26931,73.97033,Margao FS,Fire Station Margao,Shri. Herculano Gill Souza,(Station Fire Officer),7391047144,9763717057,2714600 2715825/101,mrg[hyphen]fire[dot]goa[at]gov[dot]in,mrg-fire.goa@gov.in,,,
8,15.50009,73.91408,Old Goa FS,Fire Station Old Goa,Shri. R D Parab,(Station Fire Officer),7391047155,8408091254,2285344,olg[hyphen]fire[dot]goa[at]nic[dot]in,olg-fire.goa@nic.in,,,
9,15.48577,73.81656,Panaji FS,Fire Station Panaji,Shri. Rupesh Sawant,(Station Fire Officer),7391047132,8308846747,0832-2485400,pnj[hyphen]fire[dot]goa[at]nic[dot]in,pnj-fire.goa@nic.in,,,
10,15.71982,73.79632,Pernem FS,Fire Station Pernem,Shri. N. H. Parwar,(Station Fire Officer),7391047133,8308846751,2201201/ 2201393/101,per[hyphen]fire[dot]goa[at]nic[dot]in,per-fire.goa@nic.in,,,
11,15.53304,73.79334,Pilerne FS,Fire Station Pilerne,Shri. D. G. Pednekar,(Station Fire Officer),7391047141,9420596274,2407100 / 2407101,pil[hyphen]fire[dot]goa[at]nic[dot]in,pil-fire.goa@nic.in,,,
12,15.40309,74.00276,Ponda FS,Loading...,,,,,,,,,,
13,15.52995,74.13011,Valpoi FS,Fire Station Valpoi,Shri. Santosh Gawas,(Station Fire Officer),7391047165,8308846753,2374444/101,vap[hyphen]fire[dot]goa[at]nic[dot]in,vap-fire.goa@nic.in,,,
14,15.4003,73.8207,Vasco FS,Fire Station Vasco,Shri. Dilip Bicholkar,(Station Fire Officer),7391047142,8308846758,2513840 2519068/101,vas[hyphen]fire[dot]goa[at]nic[dot]in,vas-fire.goa@nic.in,,,
15,15.3694,73.93567,Verna FS,Fire Station Verna,Shri. Dilesh Gaonkar,(Station Fire Officer),7391047148,8308846762,2887721/101,vrn[hyphen]fire[dot]goa[at]nic[dot]in,vrn-fire.goa@nic.in,,,
16,15.5228,73.82948,Porvorim FS,Loading...,,,,,,,,,,
17,15.1863,74.0211,Cuncolim FS,Loading...,,,,,,,,,,